#7FFFD4, Aquamarine
#009F6B, Green NCS
#009966, Green Cyan
#043927, Sacramento State Green
#30BA8F, Mountain Meadow
#40826D, Viridian
#1B4D3E, Brunswick Green
#1A2421, Dark Jungle Green
#00A877, Green Munsell
#49796B, Hookers Green
#29AB87, Jungle Green
#007F5C, Spanish Viridian
#006A4E, Bottle Green
#00563F, Castleton Green
#319177, Illuminating Emerald
#A8C3BC, Opal
#00CC99, Caribbean Green
#5DA493, Polished Pine
#39A78E, Zomp
#18453B, MSU Green
#56887D, Wintergreen Dream
#064E40, Blue Green Color Wheel
#007F66, Generic Viridian
#6EAEA1, Green Sheen
#009B7D, Paolo Veronese Green
#00FFCD, Sea Green Crayola
#00755E, Tropical Rain Forest
#8DD9CC, Middle Blue Green
#3AB09E, Keppel
#00A693, Persian Green
#2F847C, Celadon Green
#40E0D0, Turquoise
#01796F, Pine Green
#317873, Myrtle Green
#00FFEF, Turquoise Blue
#20B2AA, Light Sea Green
#43B3AE, Verdigris
#004B49, Deep Jungle Green
#15F4EE, Fluorescent Blue
#48D1CC, Medium Turquoise
#0ABAB5, Tiffany Blue
#00FFFF, Aqua
#F0FFFF, Azure X 11 Web Color
#B2FFFF, Celeste
#232B2B, Charleston Green
#008B8B, Dark Cyan
#2F4F4F, Dark Slate Gray
#E0FFFF, Light Cyan
#30BFBF, Maximum Blue Green
#004040, Rich Black
#00CCCC, Robin Egg Blue
#007474, Skobeloff
#008080, Teal
#004242, Warm Black
#00CED1, Dark Turquoise
#5F8A8B, Steel Teal
#009698, Viridian Green
#5F9EA0, Cadet Blue
#7DF9FF, Electric Blue
#0A7E8C, Metallic Seaweed
#004953, Midnight Green Eagle Green
#B0E0E6, Powder Blue
#ACE5EE, Blizzard Blue
#36747D, Ming
#2D383A, Outer Space Crayola
#0093AF, Blue Munsell
#7ED4E6, Middle Blue
#76D7EA, Sky Blue Crayola
#1CA9C9, Pacific Blue
#0D98BA, Blue Green
#00CCFF, Vivid Sky Blue
#00B7EB, Cyan Process
#A4DDED, Non Photo Blue
#1DACD6, Cerulean Crayola
#4A646C, Deep Space Sparkle
#367588, Teal Blue
#00BFFF, Capri
#ADD8E6, Light Blue
#47ABCC, Maximum Blue
#353839, Onyx
#007BA7, Celadon Blue
#007AA5, CG Blue
#0087BD, Blue NCS
#126180, Blue Sapphire
#87CEEB, Sky Blue
#89CFF0, Baby Blue
#536872, Cadet
#8CBED6, Dark Sky Blue
#2a3439, Gunmetal
#8BA8B7, Pewter Blue
#BFC1C2, Silver Sand
#007BB8, Star Command Blue
#93CCEA, Light Cornflower Blue
#B9D9EB, Columbia Blue
#AFDBF5, Uranian Blue
#0072BB, French Blue
#006DB0, Honolulu Blue
#00416A, Indigo Dye
#87CEFA, Light Sky Blue
#0067A5, Sapphire Blue
#0070B8, Spanish Blue
#56A0D3, Carolina Blue
#36454F, Charcoal
#2887C8, Green Blue Crayola
#72A0C1, Air Superiority Blue
#91A3B0, Cadet Grey
#73C2FB, Maya Blue
#9BC4E2, Pale Cerulean
#003153, Prussian Blue
#7CB9E8, Aero
#BCD4E6, Beau Blue
#5DADEC, Blue Jeans
#536878, Dark Electric Blue
#71A6D2, Iceberg
#010B13, Rich Black FOGRA 29
#4682B4, Steel Blue
#F0F8FF, Alice Blue
#6D9BC3, Cerulean Frost
#A1CAF1, Baby Blue Eyes
#54626F, Black Coral
#1164B4, Green Blue
#004F98, USAFA Blue
#007FFF, Azure
#318CE7, Bleu De France
#6699CC, Blue Gray
#1974D2, Bright Navy Blue
#1E90FF, Dodger Blue
#26619C, Lapis Lazuli
#778899, Light Slate Gray
#010203, Rich Black FOGRA 39
#708090, Slate Gray
#3E8EDE, Tufts Blue
#436B95, Queen Blue
#77B5FE, French Sky Blue
#6CA0DC, Little Boy Blue
#002147, Oxford Blue
#0F4D92, Yale Blue
#1560BD, Denim
#0063dc, Flickr Blue
#B0C4DE, Light Steel Blue
#778BA5, Shadow Blue
#2E5894, Bdazzled Blue
#246BCE, Celtic Blue
#0047AB, Cobalt Blue
#6082B6, Glaucous
#0F52BA, Sapphire
#5B92E5, United Nations Blue
#0048BA, Absolute Zero
#1F75FE, Blue Crayola
#5072A7, Blue Yonder
#2D68C4, True Blue
#A9B2C3, Cadet Blue Crayola
#6495ED, Cornflower Blue
#002366, Royal Blue Dark
#2E5090, Y In Mn Blue
#838996, Roman Silver
#0033AA, UA Blue
#26428B, Dark Cornflower Blue
#446CCF, Han Blue
#002FA7, International Klein Blue
#C3CDE6, Periwinkle Crayola
#0247FE, Blue RYB
#3C69E7, Bluetiful
#2A52BE, Cerulean Blue
#002387, Resolution Blue
#4169E1, Royal Blue Light
#1034A6, Egyptian Blue
#1D2951, Space Cadet
#A2ADD0, Wild Blue Yonder
#2243B6, Denim Blue
#C5CBE1, Light Periwinkle
#4166F5, Ultramarine Blue
#8C92AC, Cool Grey
#1C39BB, Persian Blue
#324AB2, Violet Blue
#4666FF, Neon Blue
#0018A8, Blue Pantone
#4C516D, Independence
#979AAA, Manatee
#000F89, Phthalo Blue
#0014A8, Zaffre
#545AA7, Liberty
#4E5180, Purple Navy
#23297A, St Patricks Blue
#0000FF, Blue
#333399, Blue Pigment
#A2A2D0, Blue Bell
#666699, Dark Blue Gray
#00009C, Duke Blue
#F8F8FF, Ghost White
#E6E6FA, Lavender Web
#CCCCFF, Lavender Blue
#ACACE6, Maximum Blue Purple
#0000CD, Medium Blue
#191970, Midnight Blue
#000080, Navy Blue
#2E2D88, Cosmic Cobalt
#777696, Rhythm
#2E2787, Picotee Blue
#5A4FCF, Iris
#C4C3D0, Lavender Gray
#766EC8, Violet Blue Crayola
#6050DC, Majorelle Blue
#4F42B5, Ocean Blue
#483D8B, Dark Slate Blue
#6A5ACD, Slate Blue
#1C05B3, Trypan Blue
#7366BD, Blue Violet Crayola
#7B68EE, Medium Slate Blue
#5946B2, Plump Purple
#5218FA, Han Purple
#AAA9AD, Silver Metallic
#3F00FF, Ultramarine
#32127A, Persian Indigo
#9370DB, Medium Purple
#8B72BE, Middle Blue Purple
#F8F4FF, Magnolia
#58427C, Cyber Grape
#4C2882, Spanish Violet
#6F00FF, Electric Indigo
#512888, KSU Purple
#7851A9, Royal Purple
#9678B6, Purple Mountain Majesty
#9966CC, Amethyst
#4D1A7F, Blue Violet Color Wheel
#663399, Rebecca Purple
#32174D, Russian Violet
#7F00FF, Violet Color Wheel
#8A2BE2, Blue Violet
#8F00FF, Electric Violet
#4B0082, Indigo
#B57EDC, Lavender Floral
#6A0DAD, Purple
#E0B0FF, Mauve
#A020F0, Purple X 11
#9F00FF, Vivid Violet
#D6CADD, Languid Lavender
#8806CE, French Violet
#9932CC, Dark Orchid
#C9A0DC, Wisteria
#9400D3, Dark Violet
#6C3082, Eminence
#D891EF, Bright Lilac
#BF00FF, Electric Purple
#AB92B3, Glossy Grape
#9C51B6, Purple Plum
#DF73FF, Heliotrope
#8601AF, Violet RYB
#0C020F, Xiketic
#9A4EAE, Purpureus
#B284BE, African Violet
#BA55D3, Medium Orchid
#9F00C5, Purple Munsell
#563C5C, English Violet
#86608E, French Lilac
#733380, Maximum Purple
#301934, Dark Purple
#DF00FF, Phlox
#856088, Chinese Violet
#8B008B, Dark Magenta
#D473D4, French Mauve
#FF00FF, Magenta
#C154C1, Fuchsia Crayola
#C8A2C8, Lilac
#702670, Midnight
#FAE6FA, Pale Purple Pantone
#800080, Patriarch
#FC74FD, Pink Flamingo
#DDA0DD, Plum Web
#242124, Raisin Black
#FF6FFF, Shocking Pink Crayola
#CC33CC, Steel Pink
#D8BFD8, Thistle
#EE82EE, Violet Web
#880085, Mardi Gras
#DA70D6, Orchid
#AA98A9, Heliotrope Gray
#796878, Old Lavender
#8E4585, Plum
#682860, Palatinate Purple
#8D4E85, Razzmic Berry
#BD33A4, Byzantine
#702963, Byzantium
#AE98AA, Lilac Luster
#D8B2D1, Pink Lavender
#FE4EDA, Purple Pizzazz
#FF1DCE, Hot Magenta
#E29CD2, Orchid Crayola
#5D3954, Dark Byzantium
#FF33CC, Razzle Dazzle Rose
#FC0FC0, Shocking Pink
#915C83, Antique Fuchsia
#B768A2, Pearly Purple
#963D7F, Violet Crayola
#B784A7, Opera Mauve
#FFDDF4, Pink Lace
#B53389, Fandango
#F400A1, Fashion Fuchsia
#A2006D, Flirt
#FF66CC, Rose Pink
#CF71AF, Sky Magenta
#8B8589, Taupe Gray
#E936A7, Frostbite
#C71585, Medium Violet Red
#997A8D, Mountbatten Pink
#C8509B, Mulberry Crayola
#CF6BA9, Super Pink
#C0448F, Red Violet Crayola
#A63A79, Maximum Red Purple
#D982B5, Middle Purple
#914E75, Sugar Plum
#66023C, Tyrian Purple
#FF0090, Magenta Process
#FE28A2, Persian Rose
#DA1884, Barbie Pink
#9F4576, Magenta Haze
#E4007C, Mexican Pink
#9F2B68, Amaranth M P
#FF1493, Deep Pink
#A50B5E, Jazzberry Jam
#CA1F7B, Magenta Dye
#C54B8C, Mulberry
#D74894, Pink Pantone
#E40078, Red Purple
#614051, Eggplant
#FB0081, Flickr Pink
#E79FC4, Kobi
#F653A6, Magenta Crayola
#AD4379, Mystic Maroon
#78184A, Pansy Purple
#F77FBE, Persian Pink
#C84186, Smitten
#8A496B, Twilight Lavender
#FF43A4, Wild Strawberry
#534B4F, Dark Liver
#DA3287, Deep Cerise
#FF69B4, Hot Pink
#FF007F, Rose
#F9429E, Rose Bonbon
#D470A2, Wild Orchid
#FF007C, Winter Sky
#FF55A3, Brilliant Rose
#DE6FA1, China Pink
#CC397B, Fuchsia Purple
#FFBCD9, Cotton Candy
#FD3F92, French Fuchsia
#D0417E, Magenta Pantone
#CF3476, Telemagenta
#D71868, Dogwood Rose
#D10056, Rubine Red
#FFA6C9, Carnation Pink
#FFDAE9, Mimi Pink
#673147, Old Mauve
#E8CCD7, Queen Pink
#F75394, Violet Red
#C74375, Fuchsia Rose
#E30B5D, Raspberry
#E0115F, Ruby
#F19CBB, Amaranth Pink
#F56FA1, Cyclamen
#B48395, English Lavender
#DE5285, Fandango Pink
#F64A8A, French Rose
#B3446C, Irresistible
#B03060, Maroon X 11
#D65282, Mystic
#C30B4E, Pictorial Carmine
#8E3A59, Quinacridone Magenta
#E3256B, Razzmatazz
#FD6C9E, French Pink
#F6ADC6, Nadeshiko Pink
#CE4676, Ruber
#D9004C, UA Red
#EFBBCC, Cameo Pink
#E68FAC, Charm Pink
#A8516E, China Rose
#FFF0F5, Lavender Blush
#C21E56, Rose Red
#D10047, Spanish Carmine
#AB274F, Amaranth Purple
#DE5D83, Blush
#D70040, Carmine M P
#F2BDCD, Orchid Pink
#FC89AC, Tickle Me Pink
#DE3163, Cerise
#CD607E, Cinnamon Satin
#7F1734, Claret
#915F6D, Mauve Taupe
#FDDDE6, Piggy Pink
#FF91AF, Baker Miller Pink
#9E5E6F, Rose Dust
#F38FA9, Vanilla Ice
#9C2542, Big Dip Oruby
#800020, Burgundy
#CC8899, Puce
#F2003C, Red Munsell
#C40233, Red NCS
#C32148, Bright Maroon
#F78FA7, Pink Sherbet
#E63E62, Paradise Pink
#EE204D, Red Crayola
#E52B50, Amaranth
#FB607F, Brink Pink
#703642, Catawba
#FFB7C5, Cherry Blossom Pink
#DC143C, Crimson
#EF98AA, Mauvelous
#FF355E, Radical Red
#BFAFB2, Black Shadows
#9E1B32, Crimson UA
#C72C48, French Raspberry
#922B3E, Red Violet Color Wheel
#D98695, Shimmering Blush
#9F1D35, Vivid Burgundy
#841B2D, Antique Ruby
#C41E3A, Cardinal
#960018, Carmine
#FF5470, Fiery Rose
#E2062C, Medium Candy Apple Red
#FFC0CB, Pink
#BE4F62, Popstar
#FF91A4, Salmon Pink
#E60026, Spanish Red
#FC6C85, Ultra Red
#E30022, Cadmium Red
#FFB6C1, Light Pink
#FF3855, Sizzling Red
#CB4154, Brick Red
#DA2C43, Rusty Red
#893843, Solid Pink
#65000B, Rosewood
#722F37, Wine
#FADADD, Pale Pink
#9B111E, Ruby Red
#E4717A, Candy Pink
#893F45, Cordovan
#ED2939, Imperial Red
#CF1020, Lava
#FD3A4A, Red Salsa
#8A7F80, Rocket Metallic
#E32636, Rose Madder
#D3212D, Amaranth Red
#7E5E60, Deep Taupe
#AB4B52, English Red
#AE2029, Upsdell Red
#C80815, Venetian Red
#CE2029, Fire Engine Red
#AB4E52, Rose Vale
#CC474B, English Vermillion
#ED1C24, Red Pigment
#BF4F51, Bittersweet Shimmer
#CC3336, Madder Lake
#C08081, Old Rose
#841617, OU Crimson Red
#7B1113, UP Maroon
#A52A2A, Auburn
#F4C2C2, Baby Pink
#000000, Black
#3B2F2F, Black Coffee
#660000, Blood Red
#B31B1B, Carnelian
#996666, Copper Rose
#F5F5F5, Cultured
#8B0000, Dark Red
#3C1414, Dark Sienna
#555555, Davys Grey
#696969, Dim Gray
#1B1B1B, Eerie Black
#801818, Falu Red
#B22222, Firebrick
#CC6666, Fuzzy Wuzzy
#DCDCDC, Gainsboro
#676767, Granite Gray
#808080, Gray Web
#BEBEBE, Gray X 11 Gray
#CD5C5C, Indian Red
#343434, Jet
#F08080, Light Coral
#D3D3D3, Light Gray
#800000, Maroon Web
#D92121, Maximum Red
#A55353, Middle Red Purple
#E12C2C, Permanent Geranium Lake
#701C1C, Persian Plum
#CC3333, Persian Red
#A6A6A6, Quick Silver
#FF0000, Red
#905D5D, Rose Taupe
#D40000, Rosso Corsa
#BC8F8F, Rosy Brown
#C0C0C0, Silver
#ACACAC, Silver Chalice
#FFFAFA, Snow
#757575, Sonic Silver
#989898, Spanish Gray
#7C4848, Tuscan Red
#C09999, Tuscany
#FFFFFF, White
#DEA5A4, Pastel Pink
#F7BFBE, Spanish Pink
#87413F, Brandy
#FF0800, Candy Apple Red
#FB4D46, Tart Orange
#B94E48, Deep Chestnut
#BA160C, International Orange Engineering
#D7837F, New York Pink
#FF5349, Orange Red Crayola
#C4AEAD, Silver Pink
#A83731, Sweet Brown
#7C0A02, Barn Red
#E03C31, CG Red
#C0362C, International Orange Golden Gate Bridge
#674846, Rose Ebony
#E34234, Cinnabar
#F88379, Congo Pink
#AD6F69, Copper Penny
#AF4035, Medium Carmine
#FE2712, Red RYB
#FE6F5E, Bittersweet
#E95C4B, Fire Opal
#FFE4E1, Misty Rose
#43302E, Old Burgundy
#A45A52, Redwood
#FA8072, Salmon
#592720, Caput Mortuum
#A17A74, Burnished Brown
#C95A49, Cedar Chest
#A81C07, Rufous
#FF2400, Scarlet
#D9381E, Vermilion
#79443B, Bole
#8A3324, Burnt Umber
#674C47, Liver
#FF6347, Tomato
#3D0C02, Black Bean
#954535, Chestnut
#FEBAAD, Melon
#FA5B3D, Orange Soda
#E2725B, Terra Cotta
#AA381E, Chinese Red
#FF5A36, Portland Orange
#A57164, Blast Off Bronze
#98817B, Cinereous
#543D37, Dark Liver Horses
#882D17, Kobe
#6C2E1F, Liver Organ
#FF6E4A, Outrageous Orange
#FFA089, Vivid Tangerine
#FF3800, Coquelicot
#E97451, Burnt Sienna
#CB6D51, Copper Red
#E58E73, Middle Red
#E9967A, Dark Salmon
#FF7F50, Coral
#FF4500, Red Orange Color Wheel
#E25822, Flame
#FFA07A, Light Salmon
#CB410B, Sinopia
#DA8A67, Copper Crayola
#F37A48, Mandarin
#FF7538, Orange Crayola
#B7410E, Rust
#FF4F00, International Orange Aerospace
#FF9966, Atomic Tangerine
#AF6E4D, Brown Sugar
#C04000, Mahogany
#FF8243, Mango Tango
#FF681F, Orange Red
#FF5800, Orange Pantone
#C9C0BB, Pale Silver
#59260B, Seal Brown
#635147, Umber
#CD9575, Antique Brass
#9F8170, Beaver
#EC5800, Persimmon
#FFDDCA, Unbleached Silk
#FBCEB1, Apricot
#3D2B1F, Bistre
#FF7518, Pumpkin
#D68A59, Raw Sienna
#FF6700, Safety Orange Blaze Orange
#DEAA88, Tumbleweed
#CC5500, Burnt Orange
#F1DDCF, Champagne Pink
#D2691E, Chocolate Web
#6F4E37, Coffee
#EDC9AF, Desert Sand
#8B4513, Saddle Brown
#FFF5EE, Seashell
#E86100, Spanish Orange
#D99A6C, Tan Crayola
#CD5700, Tenne Tawny
#664228, Van Dyke Brown
#A67B5B, Cafe Au Lait
#FFCBA4, Peach Crayola
#D99058, Persian Orange
#F58025, Princeton Orange
#80461B, Russet
#C46210, Alloy Orange
#483C32, Dark Lava
#6B4423, Kobicha
#987456, Liver Chestnut
#FFBD88, Macaroni And Cheese
#ED872D, Cadmium Orange
#FFDAB9, Peach Puff
#FF7800, Safety Orange
#F4A460, Sandy Brown
#B87333, Copper
#FF7A00, Heat Wave
#B86D29, Liver Dogs
#FBAB60, Rajah
#EFDECD, Almond
#FF7E00, Amber SAE ECE
#CD7F32, Bronze
#4B3621, Cafe Noir
#654321, Dark Brown
#FF9933, Deep Saffron
#E5AA70, Fawn
#F4F0EC, Isabelline
#FED8B1, Light Orange
#FAF0E6, Linen
#F8B878, Mellow Apricot
#ECB176, Middle Yellow Red
#CC7722, Ochre
#FF7F00, Orange
#704214, Sepia
#100C08, Smoky Black
#A75502, Windsor Tan
#7B3F00, Chocolate Traditional
#81613C, Coyote Brown
#FFE4C4, Bisque
#C19A6B, Camel
#ED9121, Carrot Orange
#FF8C00, Dark Orange
#8B8680, Middle Grey
#644117, Pullman Brown UPS Brown
#826644, Raw Umber
#F28500, Tangerine
#DBD7D2, Timberwolf
#FAEBD7, Antique White
#DEB887, Burlywood
#E1A95F, Earth Yellow
#856D4D, French Bistre
#E6BE8A, Gold Crayola
#A99A86, Grullo
#D2B48C, Tan
#FFAE42, Yellow Orange
#88540B, Brown
#FAD6A5, Deep Champagne
#E48400, Fulvous
#E3A857, Indian Yellow
#FF9505, Yellow Orange Color Wheel
#FFEBCD, Blanched Almond
#996515, Golden Brown
#FFDEAD, Navajo White
#E3AB57, Sunray
#FFAA1D, Bright Yellow Crayola
#F7E7CE, Champagne
#C3B091, Khaki Web
#FF9F00, Orange Peel
#FFEFD5, Papaya Whip
#8A795D, Shadow
#C8AD7F, Light French Beige
#E3DAC9, Bone
#FFA700, Chrome Yellow
#E49B0F, Gamboge
#EAA221, Marigold
#FDF5E6, Old Lace
#FFA500, Orange Web
#FFE5B4, Peach
#F5DEB3, Wheat
#FFFAF0, Floral White
#DA9100, Harvest Gold
#F2BA49, Maximum Yellow Red
#E5E4E2, Platinum
#9C7C38, Metallic Sunburst
#1B1811, Black Chocolate
#FFB200, Honey Yellow
#FFF8E7, Cosmic Latte
#EFDFBB, Dutch White
#6C541E, Field Drab
#FAE7B5, Banana Mania
#967117, Bistre Brown
#B8860B, Dark Goldenrod
#85754E, Gold Fusion
#DAA520, Goldenrod
#3C341F, Olive Drab 7
#CBA135, Satin Sheen Gold
#F2C649, Maize Crayola
#F5BD1F, Orange Yellow
#FFBA00, Selective Yellow
#FFBF00, Amber
#C2B280, Ecru
#A57C00, Gold
#CCA01D, Lemon Curry
#FDBE02, Mango
#FFC40C, Mikado Yellow
#F8D568, Orange Yellow Crayola
#F4C430, Saffron
#FFCC33, Sunglow
#EDEAE0, Alabaster
#F0EAD6, Eggshell
#D4AF37, Gold Metallic
#FCC200, Golden Poppy
#D3AF37, Metallic Gold
#F8DE7E, Jasmine
#F6EABE, Lemon Meringue
#FFDB58, Mustard
#FFF8DC, Cornsilk
#F3E5AB, Medium Champagne
#FADA5E, Naples Yellow
#F0DC82, Buff
#F4CA16, Jonquil
#CFB53B, Old Gold
#FAF0BE, Blond
#FFD300, Cyber Yellow
#EEDC82, Flax
#C5B358, Vegas Gold
#FCE883, Yellow Crayola
#E9D66B, Arylide Yellow
#FFD700, Gold Web Golden
#FFD800, School Bus Yellow
#EFCC00, Yellow Munsell
#665D1E, Antique Bronze
#FFDF00, Golden Yellow
#F5E050, Minion Yellow
#FFDB00, Sizzling Sunrise
#807532, Spanish Bistre
#EED202, Safety Yellow
#FEDF00, Yellow Pantone
#E4D00A, Citrine
#FBEC5D, Corn
#F0E68C, Khaki X 11 Light Khaki
#FFFACD, Lemon Chiffon
#BBB477, Misty Moss
#E4D96F, Straw
#F0E891, Green Yellow Crayola
#FFEB00, Middle Yellow
#BCB88A, Sage
#FDEE00, Aureolin
#FFEF00, Canary Yellow
#BDB76B, Dark Khaki
#FFF44F, Lemon Yellow
#FFFDD0, Cream
#FFF600, Cadmium Yellow
#FCF75E, Icterine
#FFF700, Lemon
#EEE600, Titanium Yellow
#B5B35C, Olive Green
#ECEBBD, Pale Spring Bud
#FEFEFA, Baby Powder
#848482, Battleship Grey
#F5F5DC, Beige
#FFFF99, Canary
#FFFFF0, Ivory
#FFFF66, Laser Lemon
#FDFF00, Lemon Glacier
#FFFF9F, Lemon Yellow Crayola
#FAFAD2, Light Goldenrod Yellow
#FFFFE0, Light Yellow
#FAFA37, Maximum Yellow
#808000, Olive
#EEED09, Xanthic
#FFFF00, Yellow
#FEFE33, Yellow RYB
#9FA91F, Citron
#B0BF1A, Acid Green
#D9E650, Maximum Green Yellow
#CAE00D, Bitter Lemon
#D1E231, Pear
#E8F48C, Key Lime
#DFFF00, Chartreuse Traditional
#4B5320, Army Green
#3B3C36, Black Olive
#D0FF14, Arctic Lime
#CCFF00, Electric Lime
#ACBF60, Middle Green Yellow
#E3F988, Mindaro
#CEFF00, Volt
#BDDA57, June Bud
#A4C639, Android Green
#8DB600, Apple Green
#BFFF00, Bitter Lime
#8A9A5B, Moss Green
#8F9779, Artichoke
#C5E384, Yellow Green Crayola
#4A5D23, Dark Moss Green
#6B8E23, Olive Drab 3
#8FD400, Sheen Green
#A7FC00, Spring Bud
#9ACD32, Yellow Green
#568203, Avocado
#556B2F, Dark Olive Green
#A7F432, Green Lizard
#ADFF2F, Green Yellow
#B2EC5D, Inchworm
#444C38, Rifle Green
#2A2F23, Pine Tree
#9AB973, Olivine
#9EFD38, French Lime
#7FFF00, Chartreuse Web
#7CFC00, Lawn Green
#5E8C31, Maximum Green
#87A96B, Asparagus
#507D2A, Sap Green
#87FF2A, Spring Frost
#66B032, Green RYB
#A9BA9D, Laurel Green
#66FF00, Bright Green
#93C572, Pistachio
#555D50, Ebony
#E9FFDB, Nyanza
#D0F0C0, Tea Green
#4CBB17, Kelly Green
#7BB661, Bud Green
#354230, Kombu Green
#3FFF00, Harlequin
#4F7942, Fern Green
#195905, Lincoln Green
#74C365, Mantis
#39FF14, Neon Green
#299617, Slimy Green
#30B21A, Yellow Green Color Wheel
#4C9141, May Green
#A8E4A0, Granny Smith Apple
#138808, India Green
#008000, Ao English
#006400, Dark Green X 11
#8FBC8F, Dark Sea Green
#00FF00, Green
#228B22, Forest Green Web
#F0FFF0, Honeydew
#90EE90, Light Green
#32CD32, Lime Green
#98FF98, Mint Green
#727472, Nickel
#006600, Pakistan Green
#679267, Russian Green
#66FF66, Screamin Green
#ACE1AF, Celadon
#355E3B, Hunter Green
#4D8C57, Middle Green
#96C8A2, Eton Blue
#B2BEB5, Ash Gray
#00FF40, Erin
#738678, Xanadu
#03C03C, Dark Pastel Green
#A3C1AD, Cambridge Blue
#50C878, Emerald
#5FA777, Forest Green Crayola
#0BDA51, Malachite
#5FA778, Shiny Shamrock
#A0D6B4, Turquoise Green
#4D5D53, Feldgrau
#00AD43, Green Pantone
#2E8B57, Sea Green
#3B7A57, Amazon
#3CB371, Medium Sea Green
#014421, Forest Green Traditional
#00A550, Green Pigment
#177245, Dark Spring Green
#F5FFFA, Mint Cream
#00FF7F, Spring Green
#C9FFE5, Aero Blue
#123524, Phthalo Green
#00703C, Dartmouth Green
#AAF0D1, Magic Mint
#8DA399, Morning Blue
#009150, Spanish Green
#004225, British Racing Green
#006B3C, Cadmium Green
#66DDAA, Medium Aquamarine
#00AB66, GO Green
#009E60, Shamrock Green
#00FA9A, Medium Spring Green
#48BF91, Ocean Green
#013220, Dark Green
#1CAC78, Green Crayola
#00A86B, Jade
#3EB489, Mint